Address,District,Community,Area,RentPrice,Layer,Shape,Toward,Release_Date,Rent_Period,Is_lift,Is_parking,water_way,electricity_way,Subwayline_Number,Subway_Distance,Is_TV,Is_fridge,Is_washer,Is_air,Is_heater,Is_bed,Is_heating,Is_wifi,Is_closet,Is_gas,Is_img,Catch_time
普陀,中远两湾城,中远两湾城,99,9000元/月 (季付价),中楼层/25层,2室2厅,南,3个月前,1~2年,有,暂无数据,民水,民电,3,183,1,1,1,1,1,1,0,1,1,1,https://image1.ljcdn.com/310000-inspection/323a6a13-0a86-4149-bfda-b32628ab03ac.jpg.780x439.jpg,2019-07-13 15:14:20
浦东,张江,华发四季,118,8800元/月 ,高楼层/18层,3室2厅,南,3个月前,暂无数据,暂无数据,暂无数据,民水,民电,1,928,0,0,0,0,0,0,0,0,0,0,https://image1.ljcdn.com/310000-inspection/1a2a0c36-898a-4048-b164-5a49b0eace06.jpg.780x439.jpg,2019-07-13 15:14:25
徐汇,徐家汇,泰东新村(徐汇),38,4600元/月 (季付价),中楼层/6层,1室1厅,南,9天前,1年以内,无,暂无数据,民水,民电,3,353,1,1,1,1,1,1,1,1,1,1,https://image1.ljcdn.com/310000-inspection/65095af7-a579-4986-93f4-a778d1861147.jpg.780x439.jpg,2019-07-13 15:14:29
静安,静安寺,胶州路11弄,71,9500元/月 (季付价),高楼层/7层,2室1厅,南,16天前,1年以内,无,暂无数据,民水,民电,2,278,1,1,1,1,1,1,1,1,1,1,http://vrlab-image.ljcdn.com/release/vradmin/1000000022274745/images/738f9ef9-c083-4b12-aa3b-ca0368f628cc.png.q_70.jpg,2019-07-13 15:14:34
杨浦,五角场,铁路新村(杨浦),32,3800元/月 ,高楼层/7层,1室0厅,南,11天前,暂无数据,有,暂无数据,民水,民电,3,455,0,0,0,0,0,0,0,0,0,0,https://image1.ljcdn.com/hdic-frame/0ef9aa1f-8f8e-441d-adc5-eccfb063d47d.png.780x439.jpg,2019-07-13 15:14:39
长宁,新华路,杨宅路2号,32,4000元/月 ,低楼层/6层,1室1厅,南,2天前,暂无数据,无,暂无数据,民水,民电,1,800,0,0,0,0,0,0,0,0,0,0,https://image1.ljcdn.com/310000-inspection/c80085b3-de00-4502-9c0b-9327bbbe8245.jpg.780x439.jpg,2019-07-13 15:14:43
徐汇,徐家汇,玉兰花苑,94,9500元/月 (季付价),中楼层/23层,2室2厅,西南,2个月前,2~3年,有,暂无数据,民水,民电,5,443,1,1,1,1,1,1,0,0,1,1,https://image1.ljcdn.com/310000-inspection/prod-a687c0d2-1933-474f-b0fb-03203fe0c86e.jpg.780x439.jpg,2019-07-13 15:14:48
浦东,北蔡,培花七村,59,5500元/月 ,低楼层/6层,2室1厅,南,1个月前,暂无数据,无,暂无数据,民水,民电,2,630,0,0,0,0,0,0,0,0,0,0,https://image1.ljcdn.com/310000-inspection/e7ef6aee-6e87-4579-8fb9-9cd2f4d92b72.jpg.780x439.jpg,2019-07-13 15:14:53
松江,松江新城,开元地中海,44,2600元/月 (季付价),高楼层/18层,1室0厅,南,10天前,1年以内,有,暂无数据,民水,民电,0,0,1,1,1,1,1,1,0,0,1,0,https://image1.ljcdn.com/hdic-frame/prod-bc7ba695-4744-45cc-b3e1-4f90b49256b1.png.780x439.jpg,2019-07-13 15:14:57
闵行,七宝,茂盛城市花园,67,6000元/月 ,高楼层/6层,2室2厅,南/北,2天前,暂无数据,无,暂无数据,民水,民电,0,0,0,0,0,0,0,0,0,0,0,0,https://image1.ljcdn.com/310000-inspection/142e5ce8-7029-4d42-814d-68c3e8384140.jpg.780x439.jpg,2019-07-13 15:15:02
黄浦,打浦桥,南塘浜路93弄,34,4500元/月 ,中楼层/6层,1室0厅,南/北,11天前,1年以内,无,暂无数据,民水,民电,3,554,1,1,1,1,1,1,0,0,1,0,https://image1.ljcdn.com/310000-inspection/4292acc4-11fc-43d6-a00e-60a8cb2d7de4.jpg.780x439.jpg,2019-07-13 15:15:07
浦东,陆家嘴,崂山二村,35,6600元/月 ,低楼层/4层,3室1厅,南,15天前,暂无数据,无,暂无数据,民水,民电,4,323,0,0,0,0,0,0,0,0,0,0,https://image1.ljcdn.com/310000-inspection/475d76eb-a81d-40ba-a997-bb2c98f4eeed.jpg.780x439.jpg,2019-07-13 15:15:11
宝山,淞宝,海江二村,39,3400元/月 ,低楼层/6层,1室1厅,南,6天前,暂无数据,无,暂无数据,民水,民电,0,0,0,0,0,0,0,0,0,0,0,0,https://image1.ljcdn.com/310000-inspection/f6014230-3238-42c3-a5d1-19023d88b9c6.jpg.780x439.jpg,2019-07-13 15:15:16
虹口,凉城,星苑小区,63,4500元/月 ,低楼层/6层,2室1厅,西南,1天前,暂无数据,无,暂无数据,民水,民电,0,0,0,0,0,0,0,0,0,0,0,0,https://image1.ljcdn.com/hdic-frame/f047f6b6-3a3a-41d3-9632-9d679538808a.png.780x439.jpg,2019-07-13 15:15:21
奉贤,西渡,鸿吉苑,129,2200元/月 ,高楼层/6层,3室2厅,南,5个月前,暂无数据,无,暂无数据,民水,民电,1,165,0,0,0,0,0,0,0,0,0,0,https://image1.ljcdn.com/shfdfs-image/20170325/a2b41d70-d478-452c-91c9-450848a49347.jpg.780x439.jpg,2019-07-13 15:15:25
长宁,中山公园,玉屏南路207号,38,5300元/月 ,高楼层/6层,1室1厅,南,5天前,暂无数据,无,暂无数据,民水,民电,3,502,0,0,0,0,0,0,0,0,0,0,https://image1.ljcdn.com/310000-inspection/16e6496f-572b-4748-af03-d1a34cf4d06f.jpg.780x439.jpg,2019-07-13 15:15:30
杨浦,鞍山,辽源三村,32,4200元/月 ,中楼层/6层,1室0厅,南,14天前,暂无数据,无,暂无数据,民水,民电,3,198,0,0,0,0,0,0,0,0,0,0,https://image1.ljcdn.com/hdic-frame/e243e226-588c-44e3-86bc-b1395c090a6e.png.780x439.jpg,2019-07-13 15:15:35
长宁,古北,金色贝拉维,159,28000元/月 ,低楼层/18层,3室2厅,南,1天前,暂无数据,有,暂无数据,民水,民电,1,846,0,0,0,0,0,0,0,0,0,0,https://image1.ljcdn.com/310000-inspection/2f127427-09a9-4ae4-bb91-747d399bed4b.jpg.780x439.jpg,2019-07-13 15:15:39
闵行,春申,莲花新村,55,4000元/月 (季付价),低楼层/6层,2室1厅,南/北,13天前,1~2年,无,暂无数据,民水,民电,0,0,1,1,1,1,1,1,0,1,1,1,https://image1.ljcdn.com/310000-inspection/1a1c2ce1-4336-4d44-b8cd-2da505a6a68d.jpg.780x439.jpg,2019-07-13 15:15:44
黄浦,世博滨江,越纪公寓,55,6300元/月 (季付价),中楼层/25层,1室1厅,东,2个月前,1~2年,有,暂无数据,民水,民电,2,63,1,1,1,1,1,1,0,0,1,1,https://image1.ljcdn.com/310000-inspection/760c6e59-aee5-4f16-8c9b-4cbf1566c348.jpg.780x439.jpg,2019-07-13 15:15:49
浦东,洋泾,凌三小区,34,3700元/月 ,中楼层/7层,1室0厅,南,6天前,暂无数据,无,暂无数据,民水,民电,0,0,0,0,0,0,0,0,0,0,0,0,https://image1.ljcdn.com/310000-inspection/4210786c-fc3a-4e99-96e7-cd043f0d9345.jpg.780x439.jpg,2019-07-13 15:15:53
浦东,金桥,金桥好人家,90,6000元/月 ,高楼层/6层,2室2厅,南/北,14天前,暂无数据,无,暂无数据,民水,民电,2,709,0,0,0,0,0,0,0,0,0,0,https://image1.ljcdn.com/310000-inspection/b6461c1a-8b76-4527-822c-2a4678725c75.jpg.780x439.jpg,2019-07-13 15:15:58
虹口,凉城,同心路975号,54,5200元/月 (季付价),高楼层/6层,2室1厅,南/北,1天前,1~2年,无,暂无数据,民水,民电,0,0,0,0,0,0,0,0,0,0,0,0,https://image1.ljcdn.com/310000-inspection/16ce8998-b4b8-4bc8-b23d-f710a7ae6552.jpg.780x439.jpg,2019-07-13 15:16:03
浦东,陆家嘴,久阳滨江公寓,69,9500元/月 ,中楼层/25层,1室1厅,南,2个月前,暂无数据,有,暂无数据,民水,民电,1,915,0,0,0,0,0,0,0,0,0,0,https://image1.ljcdn.com/310000-inspection/c893b662-00ac-456a-8969-d60b16c7ceb2.jpg.780x439.jpg,2019-07-13 15:16:08
长宁,北新泾,新泾三村,38,4600元/月 ,中楼层/6层,1室1厅,南,2个月前,暂无数据,无,暂无数据,民水,民电,2,140,0,0,0,0,0,0,0,0,0,0,https://image1.ljcdn.com/310000-inspection/f5605553-d97f-4ebc-b5ca-48212e31a0b4.jpg.780x439.jpg,2019-07-13 15:16:12
闵行,莘庄,名都新城,116,6500元/月 ,低楼层/11层,2室2厅,南,28天前,暂无数据,有,暂无数据,民水,民电,2,250,0,0,0,0,0,0,0,0,0,0,https://image1.ljcdn.com/310000-inspection/05ed36c3-19b5-4c7b-8356-0a530ba37251.jpg.780x439.jpg,2019-07-13 15:16:17
宝山,大华,中环一号(一期),122,7800元/月 ,高楼层/14层,3室2厅,西,5天前,暂无数据,有,暂无数据,民水,民电,0,0,0,0,0,0,0,0,0,0,0,0,https://image1.ljcdn.com/310000-inspection/9e85729d-af73-49f0-8fd1-4fb95635ded8.jpg.780x439.jpg,2019-07-13 15:16:22
松江,九亭,嘉和阳光城,135,8000元/月 ,低楼层/29层,3室2厅,南,5天前,暂无数据,有,暂无数据,民水,民电,1,832,0,0,0,0,0,0,0,0,0,0,https://image1.ljcdn.com/310000-inspection/0d7eb45f-4a2a-4484-8c4f-6c8faff96496.jpg.780x439.jpg,2019-07-13 15:16:26
黄浦,蓬莱公园,恒升大厦,31,4700元/月 (季付价),低楼层/26层,1室0厅,东/南,13天前,1年以内,有,暂无数据,民水,民电,4,340,1,1,1,1,1,1,1,1,1,1,https://image1.ljcdn.com/310000-inspection/b897924d-0e05-4c5b-a9ad-0abbef162e92.jpg.780x439.jpg,2019-07-13 15:16:31
宝山,张庙,泗塘三村,51,3800元/月 ,高楼层/6层,2室1厅,南,13天前,暂无数据,无,暂无数据,民水,民电,0,0,0,0,0,0,0,0,0,0,0,0,https://image1.ljcdn.com/310000-inspection/ef02bf70-c23e-45d2-81b5-50a409495fce.jpg.780x439.jpg,2019-07-13 15:16:36
闵行,春申,莲花新村,60,3700元/月 ,高楼层/6层,2室1厅,南,3天前,暂无数据,无,暂无数据,民水,民电,0,0,0,0,0,0,0,0,0,0,0,0,https://image1.ljcdn.com/310000-inspection/46aea216-052b-4f1b-8297-b0709948cf82.jpg.780x439.jpg,2019-07-13 15:16:58
静安,南京西路,南汇路26号,19,6500元/月 (季付价),低楼层/3层,1室0厅,南,2天前,1年以内,暂无数据,暂无数据,暂无数据,暂无数据,1,246,1,1,1,1,1,1,1,1,1,1,https://image1.ljcdn.com/310000-inspection/8c189ff8-ab9e-48b4-994e-71768c9f3e89.jpg.780x439.jpg,2019-07-13 15:17:03
普陀,甘泉宜川,名泉苑,78,5300元/月 ,高楼层/6层,2室1厅,南,15天前,暂无数据,无,暂无数据,民水,民电,1,636,0,0,0,0,0,0,0,0,0,0,https://image1.ljcdn.com/310000-inspection/6d1b6a60-d884-4f06-9ce9-f103b553c4bf.jpg.780x439.jpg,2019-07-13 15:17:08
徐汇,龙华,金龙花苑牡丹园,85,8500元/月 (季付价),中楼层/6层,3室1厅,南,9天前,3年以上,无,暂无数据,民水,民电,2,665,1,1,1,1,1,1,0,0,1,1,https://image1.ljcdn.com/310000-inspection/91f88a01-1edb-47fb-aeb0-3b9dc514f431.jpg.780x439.jpg,2019-07-13 15:17:12
徐汇,徐家汇,冶金大楼,55,7800元/月 (季付价),中楼层/10层,2室1厅,南,1个月前,2~3年,有,暂无数据,民水,民电,3,362,1,1,1,1,1,1,0,0,1,1,https://image1.ljcdn.com/310000-inspection/prod-9e1aa0ca-25d4-47e8-a789-c59dbc7d45f3.jpg.780x439.jpg,2019-07-13 15:17:17
浦东,世博,上南十二村,44,4200元/月 ,高楼层/6层,1室1厅,南,1天前,暂无数据,无,暂无数据,民水,民电,2,884,0,0,0,0,0,0,0,0,0,0,https://image1.ljcdn.com/310000-inspection/prod-32dcdf77-a493-4c10-95d0-49bd4ae9c97a.jpg.780x439.jpg,2019-07-13 15:17:22
闵行,老闵行,夏朵园,113,4700元/月 ,中楼层/6层,3室2厅,南,7个月前,暂无数据,无,暂无数据,民水,民电,0,0,0,0,0,0,0,0,0,0,0,0,https://image1.ljcdn.com/310000-inspection/5052b8c0-7faf-4570-a768-83092a4d23b0.jpg.780x439.jpg,2019-07-13 15:17:27
普陀,曹杨,金梅园,77,6500元/月 ,中楼层/6层,2室1厅,南,15天前,暂无数据,无,暂无数据,民水,民电,1,928,0,0,0,0,0,0,0,0,0,0,https://image1.ljcdn.com/310000-inspection/43e51ef7-5ef5-4ffc-81be-0760b8dd1195.jpg.780x439.jpg,2019-07-13 15:17:31
闵行,莘庄,沁春园三村,86,5800元/月 (季付价),高楼层/11层,2室2厅,南,19天前,暂无数据,有,暂无数据,民水,民电,1,874,1,1,1,1,1,1,1,1,1,1,https://image1.ljcdn.com/310000-inspection/dc397dda-bb1d-460c-842f-26e9fa6bf851.jpg.780x439.jpg,2019-07-13 15:17:36
闵行,老闵行,金平小区,84,4000元/月 ,高楼层/6层,2室1厅,南,4天前,暂无数据,无,暂无数据,民水,民电,2,193,0,0,0,0,0,0,0,0,0,0,https://image1.ljcdn.com/310000-inspection/b3ec5455-6942-40f5-adc1-2629bec2c14a.jpg.780x439.jpg,2019-07-13 15:17:41
浦东,陆家嘴,荣成小区,30,4400元/月 ,中楼层/7层,1室1厅,南,1年前,暂无数据,无,暂无数据,民水,民电,2,101,0,0,0,0,0,0,0,0,0,0,https://image1.ljcdn.com/310000-inspection/4e529799-1052-46b8-a34f-17fbfe5bd962.jpg.780x439.jpg,2019-07-13 15:17:45
普陀,武宁,普雄馨苑,70,7500元/月 ,低楼层/22层,2室1厅,南,9天前,暂无数据,有,暂无数据,民水,民电,3,660,0,0,0,0,0,0,0,0,0,0,https://image1.ljcdn.com/310000-inspection/46a900d8-cc62-4e13-b37e-b697684bcbf2.jpg.780x439.jpg,2019-07-13 15:17:50
普陀,甘泉宜川,汪家井小区,41,4000元/月 ,中楼层/6层,1室1厅,南,10天前,暂无数据,无,暂无数据,民水,民电,1,1178,0,0,0,0,0,0,0,0,0,0,https://image1.ljcdn.com/310000-inspection/prod-0d3dc31c-9c7c-4f04-9809-993aae856f84.jpg.780x439.jpg,2019-07-13 15:17:55
嘉定,南翔,湖畔天下,118,5500元/月 (季付价),高楼层/15层,3室2厅,南,2个月前,1年以内,暂无数据,免费使用,民水,民电,0,0,0,1,1,1,0,0,0,0,0,0,https://image1.ljcdn.com/310000-inspection/149d9481-9982-4a79-942f-79e5b7670c22.jpg.780x439.jpg,2019-07-13 15:17:59
黄浦,打浦桥,东晖花苑,91,9300元/月 (季付价),中楼层/31层,2室2厅,南,1个月前,1年以内,有,暂无数据,民水,民电,4,252,1,1,1,1,1,1,0,0,1,1,https://image1.ljcdn.com/310000-inspection/70cba97c-9083-4adb-b446-968740a85184.jpg.780x439.jpg,2019-07-13 15:18:04
普陀,甘泉宜川,新长小区,40,3700元/月 ,中楼层/6层,1室0厅,南,7天前,暂无数据,无,暂无数据,民水,民电,1,1043,0,0,0,0,0,0,0,0,0,0,https://image1.ljcdn.com/hdic-frame/prod-809428e3-2996-4a16-90ea-8751f59af67a.png.780x439.jpg,2019-07-13 15:18:08
浦东,世博,凯德嘉博名邸,91,9800元/月 ,低楼层/16层,2室1厅,南,1个月前,暂无数据,有,暂无数据,民水,民电,2,278,0,0,0,0,0,0,0,0,0,0,https://image1.ljcdn.com/310000-inspection/f3da839e-2584-4531-a5d9-6fee1fccf85e.jpg.780x439.jpg,2019-07-13 15:18:13
浦东,金杨,金杨七街坊,49,5000元/月 ,中楼层/6层,1室1厅,南/北,5天前,暂无数据,无,暂无数据,民水,民电,3,850,0,0,0,0,0,0,0,0,0,0,https://image1.ljcdn.com/310000-inspection/3046a455-be42-4647-8bee-f5213b6dd13e.jpg.780x439.jpg,2019-07-13 15:18:18
闸北,彭浦,彭顺小区,40,3200元/月 ,低楼层/5层,1室1厅,南,今天,暂无数据,无,暂无数据,民水,民电,1,502,0,0,0,0,0,0,0,0,0,0,https://image1.ljcdn.com/310000-inspection/70d69a60-3cb4-4dc6-bca6-04a5b459d432.jpg.780x439.jpg,2019-07-13 15:18:23
嘉定,南翔,民主东街150弄,79,3600元/月 ,中楼层/6层,2室1厅,南,3天前,暂无数据,无,暂无数据,民水,民电,1,786,0,0,0,0,0,0,0,0,0,0,https://image1.ljcdn.com/310000-inspection/5ab409d0-7d57-43e6-a9df-8682cf47e3ea.jpg.780x439.jpg,2019-07-13 15:18:27
浦东,潍坊,潍坊四村,33,3800元/月 ,高楼层/6层,1室0厅,南,9天前,暂无数据,无,暂无数据,民水,民电,3,359,0,0,0,0,0,0,0,0,0,0,http://vrlab-image.ljcdn.com/release/auto3dhd/4c04bc6d3afdf536d275ecd06fcd6f37/screenshot/1552100545_5/pc0_dvMNFgjUb.jpg.q_70.jpg,2019-07-13 15:18:32
闵行,莘庄,万科假日风景(公寓),92,5700元/月 (季付价),低楼层/6层,2室2厅,南,9天前,3年以上,无,暂无数据,民水,民电,0,0,1,1,1,1,1,1,1,1,1,1,https://image1.ljcdn.com/310000-inspection/2fd72802-9c5e-49ed-b751-cd67627b2679.jpg.780x439.jpg,2019-07-13 15:18:37
黄浦,蓬莱公园,恒升大厦,33,4800元/月 ,低楼层/26层,1室1厅,北,11天前,暂无数据,有,暂无数据,民水,民电,4,340,0,0,0,0,0,0,0,0,0,0,https://image1.ljcdn.com/310000-inspection/f59130cf-3e2f-4137-b20b-936d6c5ed699.jpg.780x439.jpg,2019-07-13 15:18:41
杨浦,东外滩,申泉小区,51,5900元/月 ,高楼层/6层,2室0厅,南,9天前,暂无数据,无,暂无数据,民水,民电,0,0,0,0,0,0,0,0,0,0,0,0,https://image1.ljcdn.com/hdic-frame/test-e832bc75-cc6d-4766-a8f7-741282e09ea4.png.780x439.jpg,2019-07-13 15:18:47
杨浦,新江湾城,合生江湾国际公寓,91,8500元/月 ,中楼层/18层,3室1厅,南,3天前,暂无数据,有,暂无数据,民水,民电,0,0,0,0,0,0,0,0,0,0,0,0,https://image1.ljcdn.com/310000-inspection/1917a07a-308e-4e59-942f-f7d281bf701e.jpg.780x439.jpg,2019-07-13 15:18:51
徐汇,田林,钦州公寓,70,6800元/月 ,中楼层/18层,2室1厅,南,14天前,暂无数据,有,暂无数据,民水,民电,4,950,0,0,0,0,0,0,0,0,0,0,https://image1.ljcdn.com/310000-inspection/957d7056-d8e2-4104-ab0c-d62159ef14b5.jpg.780x439.jpg,2019-07-13 15:18:56
松江,松江大学城,三湘四季花城,58,4000元/月 ,中楼层/14层,1室1厅,南,3天前,暂无数据,有,暂无数据,民水,民电,1,177,0,0,0,0,0,0,0,0,0,0,https://image1.ljcdn.com/310000-inspection/0f8b3b21-83e0-423f-b22f-b5b8873f1ea0.jpg.780x439.jpg,2019-07-13 15:19:01
宝山,顾村,中国铁建青秀城,91,3500元/月 ,高楼层/11层,3室1厅,南,2天前,暂无数据,有,暂无数据,民水,民电,4,648,0,0,0,0,0,0,0,0,0,0,https://image1.ljcdn.com/310000-inspection/ad1618cb-8f60-43fe-a743-366955049080.jpg.780x439.jpg,2019-07-13 15:19:05
长宁,中山公园,新风小区,35,5000元/月 ,高楼层/6层,1室1厅,南,6天前,暂无数据,无,暂无数据,民水,民电,1,398,0,0,0,0,0,0,0,0,0,0,https://image1.ljcdn.com/hdic-frame/prod-e9f28395-2ffa-4802-af02-dc1d1388f07d.png.780x439.jpg,2019-07-13 15:19:10
虹口,鲁迅公园,振大公寓,110,8000元/月 (季付价),高楼层/7层,3室2厅,南,9天前,1年以内,无,暂无数据,民水,民电,2,732,1,1,1,1,1,1,0,1,1,1,https://image1.ljcdn.com/310000-inspection/b2c4aafa-d47e-4f10-a196-85036c7d33e4.jpg.780x439.jpg,2019-07-13 15:19:15
普陀,桃浦,安居锦竹苑,56,3700元/月 ,高楼层/21层,1室1厅,南,今天,暂无数据,有,暂无数据,民水,民电,1,1175,0,0,0,0,0,0,0,0,0,0,https://image1.ljcdn.com/310000-inspection/f3ba7e0d-94dc-48ab-8f26-4d5e75dc723e.jpg.780x439.jpg,2019-07-13 15:19:37
虹口,临平路,天宝路849弄,80,7300元/月 ,低楼层/6层,2室2厅,西,1个月前,暂无数据,无,暂无数据,民水,民电,3,546,0,0,0,0,0,0,0,0,0,0,https://image1.ljcdn.com/310000-inspection/6ba51558-f7e0-4770-9d5f-a1d4186ca053.jpg.780x439.jpg,2019-07-13 15:19:42
杨浦,控江路,控江路764弄,33,4000元/月 ,中楼层/5层,1室1厅,南,15天前,暂无数据,无,暂无数据,民水,民电,3,511,0,0,0,0,0,0,0,0,0,0,https://image1.ljcdn.com/310000-inspection/0d8a50ab-bdad-4e7e-96f2-fd4ae9aa8df3.jpg.780x439.jpg,2019-07-13 15:19:47
静安,南京西路,德义大楼,42,6500元/月 (季付价),中楼层/15层,1室0厅,东,1个月前,1年以内,有,暂无数据,民水,民电,6,92,1,1,1,1,1,1,1,1,1,1,https://image1.ljcdn.com/hdic-frame/prod-d1bdb48c-3901-464d-9656-88700735587e.png.780x439.jpg,2019-07-13 15:19:51
宝山,上大,上大聚丰园,113,5100元/月 ,中楼层/11层,2室2厅,南,5天前,暂无数据,有,暂无数据,民水,民电,0,0,0,0,0,0,0,0,0,0,0,0,https://image1.ljcdn.com/310000-inspection/3654f604-a929-4acd-9eb2-17c89ea968a9.jpg.780x439.jpg,2019-07-13 15:19:56
徐汇,万体馆,漕溪四村,35,4600元/月 (季付价),低楼层/6层,1室1厅,南,5天前,1年以内,无,暂无数据,民水,民电,4,202,1,1,1,1,1,1,0,0,1,1,https://image1.ljcdn.com/310000-inspection/b2965cc6-54df-4704-9422-8347880266b8.jpg.780x439.jpg,2019-07-13 15:20:01
闸北,西藏北路,绿地海悦,57,5800元/月 ,高楼层/29层,1室1厅,西南,23天前,暂无数据,有,暂无数据,商水,商电,5,576,0,0,0,0,0,0,0,0,0,0,https://image1.ljcdn.com/rent-front-image/1efeae8459c48eeb3fef0bc54884fd1d.png.780x439.jpg,2019-07-13 15:20:05
静安,江宁路,句容小区,60,7000元/月 (季付价),中楼层/6层,2室1厅,南,16天前,1~2年,无,暂无数据,民水,民电,1,1003,1,1,1,1,1,1,1,1,1,1,https://image1.ljcdn.com/hdic-frame/e38faa16-2aaf-4214-8db9-a147e32d2897.png.780x439.jpg,2019-07-13 15:20:10
杨浦,五角场,政本路350弄,41,4200元/月 ,高楼层/6层,1室1厅,南,9天前,暂无数据,无,暂无数据,民水,民电,2,929,0,0,0,0,0,0,0,0,0,0,https://image1.ljcdn.com/310000-inspection/100f5b3f-59fe-4fac-955a-a2a210657027.jpg.780x439.jpg,2019-07-13 15:20:15
浦东,金桥,证大家园(三期),108,7500元/月 ,低楼层/8层,2室2厅,南,1个月前,暂无数据,有,暂无数据,民水,民电,3,135,0,0,0,0,0,0,0,0,0,0,https://image1.ljcdn.com/310000-inspection/a1e6780e-1c87-4ae9-9c30-f10b7f64b898.jpg.780x439.jpg,2019-07-13 15:20:19
宝山,淞宝,宝山三村,106,4800元/月 ,高楼层/6层,2室2厅,南/北,2个月前,暂无数据,无,暂无数据,民水,民电,0,0,0,0,0,0,0,0,0,0,0,0,https://image1.ljcdn.com/310000-inspection/04b98f63-e741-42d3-858e-1bc848068bd8.jpg.780x439.jpg,2019-07-13 15:20:24
浦东,临港新城,海汇长风苑,64,1000元/月 ,中楼层/4层,1室1厅,南/北,27天前,暂无数据,无,暂无数据,民水,民电,0,0,0,0,0,0,0,0,0,0,0,0,https://image1.ljcdn.com/310000-inspection/b8cd4588-8332-4d78-ab33-2a2b76b177f0.jpg.780x439.jpg,2019-07-13 15:20:29
松江,九亭,奥林匹克花园,125,6600元/月 ,中楼层/12层,3室2厅,南,2天前,暂无数据,有,暂无数据,民水,民电,2,1086,0,0,0,0,0,0,0,0,0,0,https://image1.ljcdn.com/310000-inspection/13ae9f22-232c-434f-9459-ada8eee2f819.jpg.780x439.jpg,2019-07-13 15:20:33
浦东,周浦,绿地东上海,89,5000元/月 ,低楼层/21层,2室2厅,南,2天前,暂无数据,有,暂无数据,民水,民电,0,0,0,0,0,0,0,0,0,0,0,0,https://image1.ljcdn.com/310000-inspection/0085b55e-510e-4327-bba8-d3f1cd5497ea.jpg.780x439.jpg,2019-07-13 15:20:38
闵行,浦江,景舒苑六村,94,4500元/月 ,高楼层/6层,3室2厅,南,今天,暂无数据,无,暂无数据,民水,民电,0,0,0,0,0,0,0,0,0,0,0,0,https://image1.ljcdn.com/310000-inspection/855cec7c-9160-443e-bf09-64f52c7b9fd1.jpg.780x439.jpg,2019-07-13 15:20:43
普陀,光新,太浜巷小区,40,4700元/月 ,高楼层/6层,1室1厅,南,16天前,暂无数据,无,暂无数据,民水,民电,2,462,0,0,0,0,0,0,0,0,0,0,http://vrlab-image.ljcdn.com/release/vradmin/1000000022193432/images/4c58bb52-93e3-48cd-bd07-0e987ff8f28e.png.q_70.jpg,2019-07-13 15:20:47
虹口,曲阳,密云路471弄,34,5000元/月 (季付价),中楼层/6层,1室1厅,南,6天前,1~2年,无,暂无数据,民水,民电,3,926,1,1,1,1,1,1,0,0,1,1,https://image1.ljcdn.com/310000-inspection/30d633d8-f27c-4efa-8aef-7d3861de7209.jpg.780x439.jpg,2019-07-13 15:20:52
闵行,莘庄,柏林春天,65,5000元/月 ,高楼层/11层,1室2厅,南,27天前,暂无数据,有,暂无数据,民水,民电,1,1097,0,0,0,0,0,0,0,0,0,0,https://image1.ljcdn.com/310000-inspection/prod-267c04cf-a933-4242-a78f-fd7bd60860f4.jpg.780x439.jpg,2019-07-13 15:20:57
浦东,陆家嘴,瑞苑公寓,81,15000元/月 ,中楼层/40层,1室1厅,北,8个月前,暂无数据,有,暂无数据,民水,民电,3,922,0,0,0,0,0,0,0,0,0,0,https://image1.ljcdn.com/shfdfs-image/20161223/3e5fd4a5-5a47-47fa-a3b1-ae260057c8b9.jpg.780x439.jpg,2019-07-13 15:21:02
嘉定,江桥,江桥佳苑,68,4600元/月 ,中楼层/18层,2室1厅,南/北,1个月前,暂无数据,暂无数据,暂无数据,民水,民电,0,0,0,0,0,0,0,0,0,0,0,0,https://image1.ljcdn.com/310000-inspection/de745972-77c7-46bc-83ef-1dd0ae52e778.jpg.780x439.jpg,2019-07-13 15:21:06
普陀,武宁,绿地世纪城(一期),107,9500元/月 (季付价),低楼层/15层,2室2厅,南,2个月前,1年以内,有,暂无数据,民水,民电,3,466,1,1,1,1,1,1,1,1,1,1,https://image1.ljcdn.com/310000-inspection/09baecc2-5805-430d-935c-6c46d0740395.jpg.780x439.jpg,2019-07-13 15:21:11
闵行,颛桥,都市富苑,100,3600元/月 ,中楼层/8层,2室1厅,南/北,13天前,暂无数据,有,暂无数据,民水,民电,1,949,0,0,0,0,0,0,0,0,0,0,http://vrlab-image.ljcdn.com/release/auto3dhd/19120d20b0c773b96787bc7f8a3a3ef2/screenshot/1555830146_1/pc0_yUtuLQK09.jpg.q_70.jpg,2019-07-13 15:21:16
徐汇,华泾,华欣家园,41,3200元/月 ,中楼层/7层,1室1厅,南,1个月前,暂无数据,有,暂无数据,民水,民电,0,0,0,0,0,0,0,0,0,0,0,0,https://image1.ljcdn.com/310000-inspection/d98bcfc0-ccfd-486a-9e68-f873e3c90d35.jpg.780x439.jpg,2019-07-13 15:21:20
闵行,老闵行,海赋尚品,81,4600元/月 (季付价),低楼层/8层,2室1厅,南/北,5天前,暂无数据,暂无数据,暂无数据,民水,民电,0,0,1,1,1,1,1,1,1,1,1,1,https://image1.ljcdn.com/310000-inspection/cd58f826-80e1-4746-b1b9-5e91f0761855.jpg.780x439.jpg,2019-07-13 15:21:25
闵行,古美,平南三四村,40,4200元/月 ,中楼层/6层,1室1厅,南,1个月前,暂无数据,无,暂无数据,民水,民电,1,193,0,0,0,0,0,0,0,0,0,0,https://image1.ljcdn.com/310000-inspection/d11aac58-b662-48a9-9209-92ae2d848e90.jpg.780x439.jpg,2019-07-13 15:21:30
宝山,淞南,淞南一村,56,4000元/月 ,中楼层/6层,2室1厅,南/北,10天前,暂无数据,无,暂无数据,民水,民电,0,0,0,0,0,0,0,0,0,0,0,0,https://image1.ljcdn.com/310000-inspection/1ad71def-5bdf-4220-9938-8ab639bbf1ae.jpg.780x439.jpg,2019-07-13 15:21:35
浦东,世博,上钢八九村,46,5000元/月 ,低楼层/6层,2室0厅,南,2个月前,暂无数据,无,暂无数据,民水,民电,6,6,0,0,0,0,0,0,0,0,0,0,https://image1.ljcdn.com/310000-inspection/56e132e6-a638-45d1-8e29-2ac112da9355.jpg.780x439.jpg,2019-07-13 15:21:39
浦东,三林,合生时代锦苑(公寓),90,10500元/月 (季付价),低楼层/20层,2室2厅,南,1个月前,1~3个月,有,暂无数据,民水,民电,2,880,1,1,1,0,0,1,0,0,1,0,https://image1.ljcdn.com/310000-inspection/0bd5cae8-0ba7-4755-b050-53743a0933e3.jpg.780x439.jpg,2019-07-13 15:21:44
闸北,大宁,谈家桥路80弄,48,6300元/月 ,中楼层/6层,2室1厅,南/北,3个月前,暂无数据,无,暂无数据,民水,民电,1,868,0,0,0,0,0,0,0,0,0,0,https://image1.ljcdn.com/310000-inspection/b95a7060-8e7d-4972-8524-e415037ec81d.jpg.780x439.jpg,2019-07-13 15:21:49
青浦,朱家角,阁游路777弄,89,2000元/月 ,中楼层/5层,2室2厅,南,4个月前,暂无数据,有,暂无数据,民水,民电,1,1038,0,0,0,0,0,0,0,0,0,0,https://image1.ljcdn.com/shfdfs-image/20170831/2f4d8467-9d26-4d33-9381-a2cac7bf1be3.jpg.780x439.jpg,2019-07-13 15:21:53
虹口,江湾镇,新海城,121,8000元/月 ,中楼层/28层,3室2厅,南/北,1个月前,暂无数据,有,暂无数据,民水,民电,1,489,0,0,0,0,0,0,0,0,0,0,https://image1.ljcdn.com/310000-inspection/044e4fd0-3fff-46a8-bf87-b3563146a4b9.jpg.780x439.jpg,2019-07-13 15:22:16
徐汇,万体馆,龙漕路245弄,37,5300元/月 (季付价),低楼层/6层,1室1厅,南,17天前,1~2年,无,暂无数据,民水,民电,4,20,1,1,1,1,1,1,0,0,1,1,https://image1.ljcdn.com/310000-inspection/151a997a-4dd2-4163-954f-5921476a75ba.jpg.780x439.jpg,2019-07-13 15:22:21
浦东,三林,思浦小区,49,5300元/月 ,高楼层/5层,2室1厅,南,3个月前,暂无数据,无,暂无数据,民水,民电,1,21,0,0,0,0,0,0,0,0,0,0,http://vrlab-image.ljcdn.com/release/auto3dhd/6af9ca0f15a3574eec450700600a8536/screenshot/1558079541_7/pc0_5skoLA1nI.jpg.q_70.jpg,2019-07-13 15:22:25
长宁,北新泾,新泾八村,57,6500元/月 ,高楼层/6层,2室1厅,南,5天前,暂无数据,无,暂无数据,民水,民电,2,324,0,0,0,0,0,0,0,0,0,0,https://image1.ljcdn.com/310000-inspection/201e5655-33c4-45e5-b840-82c29efbbb44.jpg.780x439.jpg,2019-07-13 15:22:30
浦东,外高桥,和祥佳园,90,4500元/月 (季付价),中楼层/14层,2室1厅,南,13天前,1年以内,有,暂无数据,民水,民电,1,617,0,0,0,0,0,0,0,0,0,0,https://image1.ljcdn.com/310000-inspection/1921ee07-3fa9-47f9-b6db-4ef59908b182.jpg.780x439.jpg,2019-07-13 15:22:35
浦东,周浦,葡萄园新村,92,3500元/月 ,中楼层/6层,2室2厅,南,2天前,暂无数据,无,暂无数据,民水,民电,0,0,0,0,0,0,0,0,0,0,0,0,https://image1.ljcdn.com/310000-inspection/79150910-0f6b-44f8-8f8e-d17df2540e1f.jpg.780x439.jpg,2019-07-13 15:22:39
闵行,梅陇,罗阳四村,72,5500元/月 (季付价),高楼层/6层,2室1厅,南,3天前,1年以内,无,暂无数据,民水,民电,0,0,1,1,1,1,1,1,1,1,1,1,https://image1.ljcdn.com/310000-inspection/47c320d9-25a6-4542-a298-dfd4eadc95a5.jpg.780x439.jpg,2019-07-13 15:22:44
嘉定,南翔,宏立瑞园,85,4800元/月 ,高楼层/18层,2室2厅,南,13天前,暂无数据,有,暂无数据,民水,民电,0,0,0,0,0,0,0,0,0,0,0,0,https://image1.ljcdn.com/310000-inspection/11a2621d-3e78-4b8b-b2b3-824b3ecc19eb.jpg.780x439.jpg,2019-07-13 15:22:49
杨浦,周家嘴路,引翔港小区,36,4000元/月 ,低楼层/6层,1室1厅,南,5天前,暂无数据,无,暂无数据,民水,民电,2,536,0,0,0,0,0,0,0,0,0,0,https://image1.ljcdn.com/310000-inspection/c2b3ae64-c33d-4107-b4c6-cc34084cf411.jpg.780x439.jpg,2019-07-13 15:22:53
奉贤,西渡,新南家园,113,2500元/月 ,高楼层/16层,3室2厅,南/北,1个月前,暂无数据,有,暂无数据,民水,民电,1,1170,0,0,0,0,0,0,0,0,0,0,https://image1.ljcdn.com/310000-inspection/7ee59550-fd75-4e07-aa0e-adb6127f6fbd.jpg.780x439.jpg,2019-07-13 15:22:58
虹口,凉城,凉城二村,43,4500元/月 ,高楼层/6层,1室1厅,南,3个月前,暂无数据,无,暂无数据,民水,民电,1,876,0,0,0,0,0,0,0,0,0,0,https://image1.ljcdn.com/310000-inspection/test-14614b14-6757-419b-975b-70d6b61d6ee0.png.780x439.jpg,2019-07-13 15:23:03
松江,松江大学城,御上海,93,4500元/月 ,中楼层/11层,2室2厅,南,1个月前,暂无数据,有,暂无数据,民水,民电,1,437,0,0,0,0,0,0,0,0,0,0,https://image1.ljcdn.com/310000-inspection/069556c3-68d7-4e16-88d7-5fd840450e96.jpg.780x439.jpg,2019-07-13 15:23:07
嘉定,菊园新区,万科悦城,92,3200元/月 ,中楼层/11层,3室2厅,南,27天前,暂无数据,有,暂无数据,民水,民电,0,0,0,0,0,0,0,0,0,0,0,0,https://image1.ljcdn.com/310000-inspection/3686e4b5-e1bf-4847-9028-8321c4f26bf7.jpg.780x439.jpg,2019-07-13 15:23:12
浦东,北蔡,芳雅苑,33,3800元/月 ,中楼层/7层,1室1厅,南,10天前,暂无数据,无,暂无数据,民水,民电,1,1075,0,0,0,0,0,0,0,0,0,0,https://image1.ljcdn.com/hdic-frame/d1cec783-df40-4c0e-a51b-09aa21b28532.png.780x439.jpg,2019-07-13 15:23:17
静安,南京西路,上海壹街区,98,13000元/月 ,中楼层/34层,2室2厅,南,4个月前,暂无数据,有,暂无数据,民水,民电,3,415,0,0,0,0,0,0,0,0,0,0,https://image1.ljcdn.com/310000-inspection/7ec5d2cf-b3ec-44c6-8dbb-ca7dee3ef689.jpg.780x439.jpg,2019-07-13 15:23:22
浦东,周浦,绿地东上海,124,6000元/月 (季付价),低楼层/14层,3室2厅,南,7天前,3年以上,有,暂无数据,民水,民电,0,0,1,1,1,1,1,1,1,1,1,1,https://image1.ljcdn.com/310000-inspection/1e93dbcd-2835-4fb7-b2fe-adfecb2fa686.jpg.780x439.jpg,2019-07-13 15:23:30
浦东,周浦,印象春城,73,3800元/月 ,中楼层/18层,2室1厅,南,1个月前,暂无数据,有,暂无数据,民水,民电,0,0,0,0,0,0,0,0,0,0,0,0,https://image1.ljcdn.com/310000-inspection/24de40c3-4feb-4379-a780-16d3a07f1026.jpg.780x439.jpg,2019-07-13 15:23:35
浦东,源深,竹园高层,72,8500元/月 ,低楼层/22层,2室1厅,南,7天前,暂无数据,有,暂无数据,民水,民电,4,93,0,0,0,0,0,0,0,0,0,0,https://image1.ljcdn.com/310000-inspection/336476cd-02f8-4dfa-9e1f-a6e407ff7d40.jpg.780x439.jpg,2019-07-13 15:23:40
闵行,莘庄,好世鹿鸣苑,50,7800元/月 (季付价),高楼层/17层,1室1厅,南,2个月前,1年以内,有,暂无数据,民水,民电,2,463,1,1,1,1,1,1,1,1,1,1,https://image1.ljcdn.com/310000-inspection/29f54a72-efe4-477e-ba3a-3a4aad3f78f3.jpg.780x439.jpg,2019-07-13 15:23:44
长宁,中山公园,华院住宅小区,54,7000元/月 (季付价),高楼层/7层,2室1厅,南,1个月前,1年以内,有,暂无数据,民水,民电,1,832,1,1,1,1,1,1,1,1,1,1,https://image1.ljcdn.com/310000-inspection/32213cc1-9e5b-49f6-af3a-27b4302b2056.jpg.780x439.jpg,2019-07-13 15:23:49
浦东,川沙,黄楼花苑,79,3300元/月 ,中楼层/5层,2室2厅,南,5天前,暂无数据,无,暂无数据,民水,民电,0,0,0,0,0,0,0,0,0,0,0,0,https://image1.ljcdn.com/310000-inspection/438f61cf-c982-4fc6-bcb4-5b356298dc66.jpg.780x439.jpg,2019-07-13 15:23:54
松江,泗泾,新凯二期,54,2300元/月 ,高楼层/11层,1室1厅,南,2个月前,暂无数据,有,暂无数据,民水,民电,1,968,0,0,0,0,0,0,0,0,0,0,https://image1.ljcdn.com/310000-inspection/ecc9b6fd-2e9d-4ada-ae2c-0548dd21cb27.jpg.780x439.jpg,2019-07-13 15:23:58
浦东,周浦,梓潼公寓,119,4000元/月 ,高楼层/6层,3室1厅,南,1年前,暂无数据,无,暂无数据,民水,民电,0,0,0,0,0,0,0,0,0,0,0,0,https://image1.ljcdn.com/310000-inspection/688348d9-fa06-4d67-9e74-4cace3fa6a3b.jpg.780x439.jpg,2019-07-13 15:24:03
奉贤,南桥,恒盛湖畔豪庭,98,3200元/月 ,低楼层/21层,2室2厅,南,1个月前,暂无数据,有,暂无数据,民水,民电,2,2,0,0,0,0,0,0,0,0,0,0,https://image1.ljcdn.com/310000-inspection/647b96a0-878e-4746-9bcb-df3d95af78e2.jpg.780x439.jpg,2019-07-13 15:24:08
长宁,古北,古北嘉年华庭,70,9500元/月 ,低楼层/10层,1室2厅,南/北,1个月前,暂无数据,有,暂无数据,民水,民电,2,540,0,0,0,0,0,0,0,0,0,0,https://image1.ljcdn.com/310000-inspection/0764259b-edc3-44d2-a706-c481fa6c5891.jpg.780x439.jpg,2019-07-13 15:24:12
浦东,张江,万科翡翠公园,105,10000元/月 ,低楼层/13层,4室2厅,南,5个月前,暂无数据,暂无数据,暂无数据,暂无数据,暂无数据,3,421,0,0,0,0,0,0,0,0,0,0,https://image1.ljcdn.com/310000-inspection/3c2ff159-dc99-43da-b10b-cc6e78a74f34.jpg.780x439.jpg,2019-07-13 15:24:17
徐汇,龙华,龙漕路200弄70支弄,59,5600元/月 (季付价),高楼层/6层,2室1厅,南,18天前,1年以内,无,暂无数据,民水,民电,2,407,0,1,1,0,1,1,1,0,1,0,https://image1.ljcdn.com/310000-inspection/d7dd06af-d2ee-4193-b54b-d13bd44f310e.jpg.780x439.jpg,2019-07-13 15:24:22
徐汇,徐家汇,吴东小区,81,8500元/月 (季付价),中楼层/6层,3室1厅,南,24天前,1年以内,无,暂无数据,民水,民电,2,463,1,1,1,1,1,1,0,0,1,1,https://image1.ljcdn.com/hdic-frame/prod-e617d7ba-0827-4bc5-a75b-b564a3f51fd9.png.780x439.jpg,2019-07-13 15:24:26
静安,南京西路,骏豪国际,59,12000元/月 (双月付价),中楼层/29层,1室1厅,南,21天前,1年以内,有,暂无数据,民水,民电,2,545,1,1,1,1,1,1,0,0,1,0,https://image1.ljcdn.com/310000-inspection/d2a0247a-2c0b-4fe8-8a32-cfde99d6c379.jpg.780x439.jpg,2019-07-13 15:24:31
青浦,盈浦,青浦万达茂,56,1999元/月 ,高楼层/16层,1室1厅,南,1年前,暂无数据,暂无数据,暂无数据,暂无数据,暂无数据,1,13,0,0,0,0,0,0,0,0,0,0,https://image1.ljcdn.com/310000-inspection/ba432339-976c-458d-affe-81a422caab7a.jpg.780x439.jpg,2019-07-13 15:24:36
松江,松江老城,松汇小区,46,2000元/月 ,中楼层/6层,1室1厅,南,9个月前,暂无数据,无,暂无数据,民水,民电,0,0,0,0,0,0,0,1,0,0,0,0,https://image1.ljcdn.com/hdic-frame/test-c09ec757-782a-4005-b31e-9c932285fe97.png.780x439.jpg,2019-07-13 15:24:59
普陀,中远两湾城,中远两湾城,124,11500元/月 (季付价),低楼层/34层,3室2厅,南,3天前,1~2年,有,暂无数据,民水,民电,3,183,1,1,1,1,1,1,0,0,1,1,https://image1.ljcdn.com/310000-inspection/9551879f-0c17-43f2-a758-dc2bc712407d.jpg.780x439.jpg,2019-07-13 15:25:03
宝山,大华,复星花园(行知路635弄),87,6500元/月 ,中楼层/6层,2室2厅,南,17天前,暂无数据,无,暂无数据,民水,民电,1,1061,0,0,0,0,0,0,0,0,0,0,https://image1.ljcdn.com/310000-inspection/03340d4b-a270-43f9-a99f-ca72cdacaf5b.jpg.780x439.jpg,2019-07-13 15:25:08
徐汇,康健,花苑村丁香园,81,7500元/月 (季付价),中楼层/6层,3室1厅,南,9天前,1年以内,无,暂无数据,民水,民电,1,527,1,1,1,1,1,1,1,0,1,1,https://image1.ljcdn.com/310000-inspection/0695c823-2d3d-474f-9b04-01d181dd948b.jpg.780x439.jpg,2019-07-13 15:25:13
浦东,三林,翰锦苑,99,7500元/月 ,低楼层/13层,2室2厅,南,11天前,暂无数据,有,暂无数据,民水,民电,2,420,0,0,0,0,0,0,0,0,0,0,https://image1.ljcdn.com/310000-inspection/a6f16a6b-5fb2-4461-b062-8ab77542bb46.jpg.780x439.jpg,2019-07-13 15:25:17
杨浦,中原,市光三村,47,4600元/月 ,中楼层/6层,2室0厅,南/北,11天前,暂无数据,无,暂无数据,民水,民电,2,796,0,0,0,0,0,0,0,0,0,0,https://image1.ljcdn.com/hdic-frame/c22ce160-0d78-4504-a874-54cf4d0718ae.png.780x439.jpg,2019-07-13 15:25:22
静安,静安寺,长乐路930弄,30,7000元/月 (季付价),中楼层/6层,1室0厅,南,1个月前,1~2年,无,暂无数据,民水,民电,3,582,1,1,1,1,1,1,0,0,1,1,https://image1.ljcdn.com/310000-inspection/843fabf2-dcce-45b9-9340-38895e634b50.jpg.780x439.jpg,2019-07-13 15:25:27
静安,曹家渡,高荣小区,34,6500元/月 (季付价),中楼层/7层,1室1厅,南,9天前,1年以内,有,暂无数据,民水,民电,4,739,1,1,1,1,1,1,1,1,1,1,https://image1.ljcdn.com/310000-inspection/3de7116f-ff32-4f38-8b23-3a1b076f57d6.jpg.780x439.jpg,2019-07-13 15:25:31
黄浦,打浦桥,思南路115弄,43,6500元/月 ,中楼层/7层,1室1厅,南,1个月前,暂无数据,无,暂无数据,民水,民电,3,332,0,0,0,0,0,0,0,0,0,0,https://image1.ljcdn.com/shfdfs-image/20160422/7f28917e-d764-4ca0-8559-3ef98b438747.jpg.780x439.jpg,2019-07-13 15:25:36
长宁,新华路,新华别墅,1236,270000元/月 (季付价),低楼层/2层,4室2厅,南/北,4个月前,1~2年,暂无数据,免费使用,暂无数据,暂无数据,2,606,0,0,0,1,1,0,1,1,0,0,https://image1.ljcdn.com/310000-inspection/5f81c9c8-2014-4f3c-80e1-cf695ee643a9.jpg.780x439.jpg,2019-07-13 15:25:41
松江,松江老城,月厦新天地,46,2200元/月 (季付价),高楼层/18层,1室1厅,东,14天前,1~2年,有,暂无数据,民水,民电,1,1155,0,1,1,1,1,1,0,0,1,0,https://image1.ljcdn.com/310000-inspection/8295ddef-1243-4687-82d7-ae88ad1dac13.jpg.780x439.jpg,2019-07-13 15:25:45
杨浦,五角场,政立苑,63,5900元/月 ,中楼层/6层,2室1厅,南,7天前,暂无数据,无,暂无数据,民水,民电,0,0,0,0,0,0,0,0,0,0,0,0,https://image1.ljcdn.com/310000-inspection/9d19b715-1cc2-4703-8bf7-81b194e82638.jpg.780x439.jpg,2019-07-13 15:25:50
普陀,甘泉宜川,甘泉三村,73,6200元/月 ,高楼层/6层,3室1厅,南,1个月前,暂无数据,无,暂无数据,民水,民电,2,298,0,0,0,0,0,0,0,0,0,0,https://image1.ljcdn.com/310000-inspection/ce99ef0b-b7a9-4833-b529-e7687bd9c202.jpg.780x439.jpg,2019-07-13 15:25:55
浦东,康桥,达城锦园,77,3000元/月 ,中楼层/11层,2室1厅,南,6天前,暂无数据,有,暂无数据,民水,民电,0,0,0,0,0,0,0,0,0,0,0,0,https://image1.ljcdn.com/310000-inspection/def8756a-4a6b-4a3c-8a89-79cdacfffe3d.jpg.780x439.jpg,2019-07-13 15:25:59
浦东,源深,东晶国际公寓,71,7500元/月 ,中楼层/25层,1室1厅,南,7天前,暂无数据,有,暂无数据,民水,民电,2,1067,0,0,0,0,0,0,0,0,0,0,https://image1.ljcdn.com/310000-inspection/d357f60b-2309-4608-b5a7-170f29a401d9.jpg.780x439.jpg,2019-07-13 15:26:04
浦东,杨东,爱家亚洲花园,113,9200元/月 ,中楼层/12层,3室2厅,南,1个月前,暂无数据,有,暂无数据,民水,民电,0,0,0,0,0,0,0,0,0,0,0,0,https://image1.ljcdn.com/310000-inspection/140fff00-4218-41cf-b83c-f50ab00d2261.jpg.780x439.jpg,2019-07-13 15:26:09
闵行,浦江,浦江华侨城8期,94,6800元/月 ,中楼层/11层,2室2厅,南,3天前,暂无数据,暂无数据,暂无数据,民水,民电,0,0,0,0,0,0,0,0,0,0,0,0,https://image1.ljcdn.com/310000-inspection/98c43c8d-72d1-45ef-9e42-203d55bf81f5.jpg.780x439.jpg,2019-07-13 15:26:14
闵行,古美,江南星城,86,6500元/月 ,中楼层/4层,2室2厅,南/北,2个月前,暂无数据,无,暂无数据,民水,民电,2,265,0,0,0,0,0,0,0,0,0,0,https://image1.ljcdn.com/310000-inspection/3aff139f-678b-4c66-891d-8b0bd6390084.jpg.780x439.jpg,2019-07-13 15:26:18
浦东,金桥,绿城上海御园,132,13000元/月 (季付价),低楼层/12层,3室2厅,南,20天前,3年以上,有,免费使用,民水,民电,1,879,1,1,1,1,1,1,1,1,1,1,https://image1.ljcdn.com/310000-inspection/473169f0-0176-49fb-addc-cb98337f5e67.jpg.780x439.jpg,2019-07-13 15:26:23
松江,莘闵别墅,荣盛名邸(公寓),91,4200元/月 ,低楼层/14层,2室2厅,南,1个月前,暂无数据,有,暂无数据,民水,民电,1,865,0,0,0,0,0,0,0,0,0,0,https://image1.ljcdn.com/310000-inspection/148869e4-037d-4775-a735-77033abec52f.jpg.780x439.jpg,2019-07-13 15:26:28
徐汇,徐家汇,乐山八九村,55,6800元/月 (季付价),高楼层/6层,2室1厅,南,13天前,2~3年,无,暂无数据,民水,民电,4,657,1,1,1,1,1,1,0,0,1,1,https://image1.ljcdn.com/310000-inspection/14f9f11c-ba69-4fca-a6d0-7a6be022fb36.jpg.780x439.jpg,2019-07-13 15:26:32
浦东,康桥,康桥宝邸,101,3300元/月 ,中楼层/14层,3室2厅,南,26天前,暂无数据,有,暂无数据,民水,民电,0,0,0,0,0,0,0,0,0,0,0,0,https://image1.ljcdn.com/310000-inspection/24f9e54f-7e93-4467-93ad-c8b74376c538.jpg.780x439.jpg,2019-07-13 15:26:37
浦东,源深,陆家嘴国际华城,120,14000元/月 (季付价),低楼层/36层,2室2厅,南,3个月前,2~3年,有,租用车位,民水,民电,3,78,1,1,1,1,1,1,1,1,1,1,https://image1.ljcdn.com/310000-inspection/564cc924-0641-461e-b9fe-52d0cd64d308.jpg.780x439.jpg,2019-07-13 15:26:42
虹口,鲁迅公园,庐迅大厦,96,8200元/月 ,中楼层/23层,2室1厅,西南,4个月前,暂无数据,有,暂无数据,民水,民电,2,667,0,0,0,0,0,0,0,0,0,0,https://image1.ljcdn.com/310000-inspection/prod-07328f52-5118-4702-8d84-60af73bf66e0.jpg.780x439.jpg,2019-07-13 15:26:46
浦东,川沙,龙馨茗园,125,2600元/月 (季付价),高楼层/6层,3室2厅,南,1个月前,1~2年,无,暂无数据,民水,民电,0,0,0,0,0,0,0,0,0,0,0,1,https://image1.ljcdn.com/310000-inspection/24cfb76b-7768-4c9c-964e-84e882dc6f28.jpg.780x439.jpg,2019-07-13 15:26:51
徐汇,康健,冠生园路212号,52,4500元/月 ,中楼层/7层,1室1厅,南,13天前,暂无数据,暂无数据,暂无数据,民水,民电,1,1010,0,0,0,0,0,0,0,0,0,0,https://image1.ljcdn.com/310000-inspection/2a3b50de-f0fc-4757-aa6a-8064eec108fd.jpg.780x439.jpg,2019-07-13 15:26:56
浦东,花木,花木苑,51,5800元/月 ,高楼层/6层,1室1厅,南/北,16天前,暂无数据,无,暂无数据,民水,民电,2,550,0,0,0,0,0,0,0,0,0,0,https://image1.ljcdn.com/310000-inspection/27aa803b-46b8-4c52-847e-c4332ca67241.jpg.780x439.jpg,2019-07-13 15:27:00
静安,江宁路,绿杨村,44,7300元/月 (季付价),中楼层/5层,1室1厅,南,3天前,2~3年,无,暂无数据,民水,民电,3,110,1,1,1,1,1,1,1,1,1,1,https://image1.ljcdn.com/310000-inspection/10fc51a4-0a37-47c5-a2f3-82972f9361a5.jpg.780x439.jpg,2019-07-13 15:27:05
静安,曹家渡,达安花园,67,9000元/月 (季付价),高楼层/31层,1室2厅,南,15天前,1年以内,有,暂无数据,民水,民电,5,96,1,1,1,1,1,1,0,1,1,1,http://vrlab-image.ljcdn.com/release/auto3dhd/69e2c5a9c3f20f4d6c6d4b0256d3b62c/screenshot/1559369201_5/pc0_665fwzLmY.jpg.q_70.jpg,2019-07-13 15:27:10
浦东,唐镇,大名城紫金九号,102,8100元/月 (季付价),低楼层/16层,3室2厅,南,8天前,暂无数据,暂无数据,暂无数据,民水,民电,2,614,1,1,1,1,0,1,1,0,0,1,https://image1.ljcdn.com/310000-inspection/1dcd5d2e-843b-45b3-be8b-d3bc6fa99422.jpg.780x439.jpg,2019-07-13 15:27:15
